{
	"$schema": "../node_modules/@tauri-apps/cli/schema.json",
	"build": {
		"beforeBuildCommand": "npm run tauri:build",
		"beforeDevCommand": "npm run tauri:dev",
		"frontendDist": "../dist",
		"devUrl": "http://127.0.0.1:8080/"
	},
	"bundle": {
		"active": true,
		"category": "DeveloperTool",
		"copyright": "",
		"targets": "all",
		"externalBin": [],
		"icon": ["icons/32x32.png", "icons/128x128.png", "icons/128x128@2x.png", "icons/icon.icns", "icons/icon.ico"],
		"windows": {
			"certificateThumbprint": null,
			"digestAlgorithm": "sha256",
			"timestampUrl": ""
		},
		"longDescription": "",
		"macOS": {
			"entitlements": null,
			"exceptionDomain": "",
			"frameworks": [],
			"providerShortName": null,
			"signingIdentity": null
		},
		"resources": [],
		"shortDescription": "",
		"linux": {
			"deb": {
				"depends": ["librustc_codegen_spirv"]
			}
		}
	},
	"productName": "Graphite",
	"mainBinaryName": "Graphite",
	"version": "0.1.0",
	"identifier": "rs.graphite.editor",
	"plugins": {},
	"app": {
		"withGlobalTauri": true,
		"windows": [
			{
				"decorations": false,
				"fullscreen": false,
				"height": 1080,
				"resizable": true,
				"title": "Graphite",
				"width": 1920,
				"useHttpsScheme": true
			}
		],
		"security": {
			"csp": null
		}
	}
}
